source,target,type
861,29,prerequisite
861,1167,prerequisite
861,152,prerequisite
29,146,prerequisite
29,1168,prerequisite
57,303,prerequisite
57,431,prerequisite
57,2976,prerequisite
57,1044,prerequisite
57,3216,prerequisite
1495,118,prerequisite
1495,468,prerequisite
1495,3838,prerequisite
1495,2855,prerequisite
118,2076,prerequisite
118,2162,prerequisite
1167,146,prerequisite
1167,862,prerequisite
1167,233,prerequisite
146,232,prerequisite
146,864,prerequisite
146,1195,prerequisite
177,147,prerequisite
177,1195,prerequisite
177,1278,prerequisite
862,147,prerequisite
862,1195,prerequisite
147,863,prerequisite
147,1171,prerequisite
147,1198,prerequisite
152,233,prerequisite
152,864,prerequisite
152,1169,prerequisite
233,153,prerequisite
863,153,prerequisite
863,864,prerequisite
863,2706,prerequisite
153,154,prerequisite
153,245,prerequisite
232,154,prerequisite
864,154,prerequisite
864,934,prerequisite
864,988,prerequisite
154,1023,prerequisite
1729,155,prerequisite
1729,934,prerequisite
155,1023,prerequisite
227,159,prerequisite
227,894,prerequisite
1166,177,prerequisite
1166,175,prerequisite
175,1277,prerequisite
175,865,prerequisite
243,177,prerequisite
715,183,prerequisite
715,773,prerequisite
183,740,prerequisite
183,3281,prerequisite
183,3284,prerequisite
203,207,prerequisite
203,282,prerequisite
203,606,prerequisite
203,947,prerequisite
207,205,prerequisite
207,1076,prerequisite
205,831,prerequisite
205,1455,prerequisite
205,1454,prerequisite
1483,209,prerequisite
1483,303,prerequisite
1486,209,prerequisite
1486,303,prerequisite
1487,209,prerequisite
1487,303,prerequisite
209,315,prerequisite
209,1278,prerequisite
209,3811,prerequisite
905,227,prerequisite
905,1647,prerequisite
4858,245,prerequisite
245,1286,prerequisite
245,1299,prerequisite
1277,246,prerequisite
1277,475,prerequisite
1277,1278,prerequisite
246,4858,prerequisite
2024,265,prerequisite
265,4420,prerequisite
270,271,prerequisite
270,1076,prerequisite
271,1255,prerequisite
271,1038,prerequisite
271,3854,prerequisite
274,831,prerequisite
274,1076,prerequisite
478,282,prerequisite
478,317,prerequisite
478,762,prerequisite
478,1061,prerequisite
478,759,prerequisite
478,760,prerequisite
478,1085,prerequisite
478,1203,prerequisite
282,1037,prerequisite
2006,283,prerequisite
2006,1691,prerequisite
2006,2150,prerequisite
2006,3571,prerequisite
283,3575,prerequisite
284,824,prerequisite
284,1044,prerequisite
4059,287,prerequisite
4059,345,prerequisite
1691,288,prerequisite
1691,313,prerequisite
1785,291,prerequisite
1785,303,prerequisite
303,1721,prerequisite
313,752,prerequisite
342,315,prerequisite
342,466,prerequisite
342,1040,prerequisite
1159,478,prerequisite
1159,315,prerequisite
1159,316,prerequisite
1159,338,prerequisite
1159,445,prerequisite
1159,758,prerequisite
1159,1112,prerequisite
1159,1161,prerequisite
315,444,prerequisite
315,447,prerequisite
315,759,prerequisite
315,760,prerequisite
315,4005,prerequisite
3770,317,prerequisite
3770,762,prerequisite
3770,1061,prerequisite
3770,759,prerequisite
3770,760,prerequisite
3770,1085,prerequisite
3770,4004,prerequisite
317,1140,prerequisite
324,715,prerequisite
334,331,prerequisite
334,1112,prerequisite
331,443,prerequisite
1200,333,prerequisite
1200,626,prerequisite
1200,1203,prerequisite
333,613,prerequisite
333,3576,prerequisite
762,335,prerequisite
762,3582,prerequisite
335,3576,prerequisite
1360,339,prerequisite
1360,364,prerequisite
3846,339,prerequisite
3846,1046,prerequisite
3846,3825,prerequisite
339,2976,prerequisite
339,3582,prerequisite
339,1211,prerequisite
982,340,prerequisite
982,983,prerequisite
3771,340,prerequisite
340,3826,prerequisite
1721,342,prerequisite
1721,4139,prerequisite
1359,1360,prerequisite
1359,363,prerequisite
363,3846,prerequisite
363,621,prerequisite
363,945,prerequisite
364,1216,prerequisite
1432,395,prerequisite
1432,1041,prerequisite
1140,416,prerequisite
416,424,prerequisite
798,431,prerequisite
798,4139,prerequisite
798,799,prerequisite
798,997,prerequisite
431,998,prerequisite
443,1159,prerequisite
1060,445,prerequisite
1060,1062,prerequisite
1060,1063,prerequisite
445,446,prerequisite
445,447,prerequisite
1062,446,prerequisite
1063,447,prerequisite
1061,466,prerequisite
466,1179,prerequisite
468,3833,prerequisite
803,798,prerequisite
803,475,prerequisite
803,1255,prerequisite
803,1257,prerequisite
475,4139,prerequisite
477,945,prerequisite
477,1042,prerequisite
621,602,prerequisite
621,1177,prerequisite
2976,602,prerequisite
602,3668,prerequisite
607,1245,prerequisite
620,1044,prerequisite
620,2023,prerequisite
1685,1159,prerequisite
1685,632,prerequisite
1685,1040,prerequisite
632,1200,prerequisite
632,2975,prerequisite
992,640,prerequisite
993,640,prerequisite
826,648,prerequisite
3576,648,prerequisite
665,3822,prerequisite
843,666,prerequisite
843,806,prerequisite
843,844,prerequisite
843,845,prerequisite
843,849,prerequisite
666,852,prerequisite
779,675,prerequisite
675,677,prerequisite
675,981,prerequisite
677,676,prerequisite
686,684,prerequisite
686,1020,prerequisite
2857,684,prerequisite
2857,3581,prerequisite
2857,1004,prerequisite
3838,684,prerequisite
684,885,prerequisite
981,982,prerequisite
981,686,prerequisite
981,691,prerequisite
1016,690,prerequisite
1016,692,prerequisite
1016,4050,prerequisite
1017,690,prerequisite
690,981,prerequisite
691,885,prerequisite
691,1020,prerequisite
696,724,prerequisite
1647,724,prerequisite
724,896,prerequisite
1290,2024,prerequisite
1290,730,prerequisite
1290,3281,prerequisite
1290,3284,prerequisite
871,733,prerequisite
871,872,prerequisite
733,874,prerequisite
733,1029,prerequisite
740,4315,prerequisite
923,752,prerequisite
752,1359,prerequisite
758,4004,prerequisite
758,4005,prerequisite
760,997,prerequisite
760,999,prerequisite
824,762,prerequisite
824,3581,prerequisite
3581,763,prerequisite
3581,3582,prerequisite
3767,763,prerequisite
4139,763,prerequisite
4139,1085,prerequisite
763,825,prerequisite
1470,788,prerequisite
3214,788,prerequisite
1255,806,prerequisite
1255,873,prerequisite
1255,875,prerequisite
1255,2981,prerequisite
806,2746,prerequisite
825,826,prerequisite
1085,826,prerequisite
3582,826,prerequisite
831,1255,prerequisite
831,1038,prerequisite
831,3854,prerequisite
1183,842,prerequisite
842,843,prerequisite
842,848,prerequisite
842,937,prerequisite
853,848,prerequisite
848,849,prerequisite
849,850,prerequisite
849,852,prerequisite
849,2746,prerequisite
849,3216,prerequisite
865,1959,prerequisite
1196,866,prerequisite
1196,1724,prerequisite
2706,866,prerequisite
866,867,prerequisite
866,931,prerequisite
866,1358,prerequisite
866,988,prerequisite
866,989,prerequisite
867,933,prerequisite
872,873,prerequisite
872,1029,prerequisite
872,2981,prerequisite
1124,875,prerequisite
1124,1128,prerequisite
1124,1132,prerequisite
1124,3216,prerequisite
875,2837,prerequisite
885,884,prerequisite
3826,885,prerequisite
892,905,prerequisite
936,894,prerequisite
936,937,prerequisite
936,998,prerequisite
894,898,prerequisite
894,925,prerequisite
896,897,prerequisite
896,3653,prerequisite
897,3657,prerequisite
898,3400,prerequisite
913,1566,prerequisite
914,1565,prerequisite
915,932,prerequisite
915,1567,prerequisite
1259,923,prerequisite
931,932,prerequisite
932,933,prerequisite
1358,933,prerequisite
934,1023,prerequisite
935,936,prerequisite
937,2173,prerequisite
1281,945,prerequisite
1281,1042,prerequisite
1258,1259,prerequisite
1258,947,prerequisite
947,1257,prerequisite
1088,982,prerequisite
1088,3838,prerequisite
983,4052,prerequisite
988,1351,prerequisite
1169,989,prerequisite
989,1351,prerequisite
1038,997,prerequisite
1038,1000,prerequisite
998,3854,prerequisite
3854,999,prerequisite
2173,1000,prerequisite
1455,1255,prerequisite
1455,1037,prerequisite
3857,1255,prerequisite
3857,1037,prerequisite
1037,1038,prerequisite
1040,1200,prerequisite
1040,1432,prerequisite
1040,1382,prerequisite
1040,2975,prerequisite
1042,1086,prerequisite
1044,4059,prerequisite
1046,2976,prerequisite
1181,1061,prerequisite
1181,2976,prerequisite
1903,1087,prerequisite
1087,1245,prerequisite
1112,3770,prerequisite
1125,1124,prerequisite
1128,3534,prerequisite
4315,1154,prerequisite
1154,1290,prerequisite
3404,1156,prerequisite
1156,3764,prerequisite
3764,1158,prerequisite
1195,1729,prerequisite
1195,1171,prerequisite
1195,1198,prerequisite
1195,1959,prerequisite
1171,1724,prerequisite
1177,3825,prerequisite
3215,1181,prerequisite
3215,2023,prerequisite
1198,1196,prerequisite
1211,1216,prerequisite
1216,4218,prerequisite
3825,1222,prerequisite
1222,3771,prerequisite
1565,1258,prerequisite
1566,1258,prerequisite
1567,1258,prerequisite
1278,1285,prerequisite
1285,1295,prerequisite
1286,1287,prerequisite
1295,1287,prerequisite
2147,1359,prerequisite
2859,1359,prerequisite
2859,3581,prerequisite
4004,1382,prerequisite
4005,1382,prerequisite
3281,1395,prerequisite
1454,3857,prerequisite
1843,1470,prerequisite
3822,1535,prerequisite
3822,2076,prerequisite
3575,1685,prerequisite
1724,1725,prerequisite
1784,1785,prerequisite
1815,2006,prerequisite
4420,3214,prerequisite
4420,1843,prerequisite
1959,2706,prerequisite
2036,3767,prerequisite
2076,3684,prerequisite
3833,2147,prerequisite
3833,2859,prerequisite
2162,3355,prerequisite
3284,2839,prerequisite
2855,2859,prerequisite
2858,3581,prerequisite
2982,3838,prerequisite
3355,3581,prerequisite
3400,4050,prerequisite
3653,3657,prerequisite
3811,4005,prerequisite
3827,3822,prerequisite